key,ru,en,comment
#menu_title,СТРОИТЕЛЬ ГОРОДОВ,CITY BUILDER,
#menu_subtitle,мобильный градостроитель,a mobile city builder,
#menu_new_game,Новая игра,New Game,
#menu_load_game,Загрузить игру,Load Game,
#menu_settings,Настройки,Settings,
#menu_quit,Выход,Quit,
#settings_title,Настройки,Settings,
#settings_language,Язык,Language,
#settings_back,Назад,Back,
#ui_close,Закрыть,Close,
#ui_cancel,Отмена,Cancel,
#ui_back,Назад,Back,
#ui_free,Бесплатно,Free,
#hud_menu,Меню,Menu,
#hud_save,Сохранить,Save,
#hud_workforce,Жители,Citizens,
#hud_status,{0} · День {1},{0} · Day {1},"{0} — ступень поселения, {1} — номер дня"
#hud_place_hint,Выберите место для Ратуши ({0}x{1}),Choose a spot for the Town Hall ({0}x{1}),
#exit_title,Выйти в главное меню?,Return to the main menu?,
#exit_warning,Несохранённые изменения будут потеряны.,Unsaved progress will be lost.,
#exit_confirm,Выйти,Quit,
#save_title,Сохранить игру,Save Game,
#save_confirm,Сохранить,Save,
#load_title,Загрузить игру,Load Game,
#load_empty,Нет сохранений,No saved games,
#load_confirm,Загрузить,Load,
#load_selected,Выбрано: {0},Selected: {0},
#building_level,Уровень: {0} / {1},Level: {0} / {1},
#building_condition,Прочность: {0}/{1}   Защита: {2}   Ветхость: {3},Health: {0}/{1}   Defence: {2}   Wear: {3},
#building_no_decay,не изнашивается,never wears out,
#building_workers,Рабочие: {0} / {1},Workers: {0} / {1},
#building_idle_citizens,Свободных жителей: {0},Idle citizens: {0},
#building_produces,Производит: {0} / {1} с на работника,Produces: {0} / {1}s per worker,"{0} — рецепт, {1} — интервал в секундах"
#building_assign,+ Назначить,+ Hire,
#building_unassign,- Снять,- Dismiss,
#building_upgrade,Улучшить,Upgrade,
#building_repair,Отремонтировать,Repair,
#building_recruit,Нанять ополченца,Recruit militia,
#recipe_conversion,{0} -> {1},{0} -> {1},"{0} — что уходит, {1} — что получается"
#recipe_batches, x{0}, x{0},"Множитель партий, если их больше одной"
#workforce_title,Жители и работы,Citizens and Work,
#workforce_empty,Пока негде работать — постройте производство,Nowhere to work yet — build something that produces,
#workforce_summary,Свободных жителей: {0}   ·   Всего: {1},Idle: {0}   ·   Total: {1},
#workforce_gives,даёт {0},makes {0},
#workforce_idle_building,ничего не производит,produces nothing,
#happiness_title,Довольство: {0}%,Contentment: {0}%,
#happiness_breakdown,Налог {0} · Ветхость {1} · Оборона {2}\nЕда {3} · Потери {4},Tax {0} · Wear {1} · Defence {2}\nFood {3} · Losses {4},
#tax_rate,Налог: {0}%,Tax: {0}%,
#army_summary,Армия: {0}/{1}   Содержание: {2} мон./день,Army: {0}/{1}   Upkeep: {2} coins/day,
#army_target_units,Цель: враги,Target: enemies,
#army_target_buildings,Цель: строения,Target: buildings,
#army_full,Армия полна ({0}),The army is full ({0}),
#army_no_citizens,Нет свободных жителей,No idle citizens,
#army_no_coins,Не хватает монет,Not enough coins,
#unit_militia,Ополчение,Militia,
#unit_militia_flavour,жители с вилами,townsfolk with pitchforks,
#over_victory,Победа,Victory,
#over_defeat,Поражение,Defeat,
#over_victory_reason,Все порталы орков закрыты.,Every orc portal is closed.,
#over_defeat_reason,Ратуша разрушена.,The Town Hall is destroyed.,
#over_to_menu,В главное меню,Main menu,
#log_day,День {0}: {1},Day {0}: {1},
#log_built,Построено: {0},Built: {0},
#log_destroyed_decay,Разрушено от ветхости: {0},Fell apart from neglect: {0},
#log_destroyed_combat,Разрушено в бою: {0},Destroyed in battle: {0},
#log_no_input,{0}: не хватает сырья ({1}),{0}: out of raw material ({1}),
#log_no_storage,"Некуда складывать: {0} работает впустую, нужно хранилище","Nowhere to put it: {0} is working for nothing, build a storehouse",
#log_fed,Поселение снова сыто.,The settlement is fed again.,
#log_hungry,"Голод: не хватает еды ({0}). Люди начнут умирать, если не накормить.",Hunger: {0} short. People will start dying unless they are fed.,
#log_starved,Голод: умерло жителей — {0},Starvation: citizens lost — {0},
#log_recruited,{0}: нанят боец ({1}/{2}),{0}: soldier recruited ({1}/{2}),
#log_soldier_died,Боец погиб в бою.,A soldier fell in battle.,
#log_disbanded,Нечем платить содержание: распущено бойцов — {0},No coins for upkeep: soldiers disbanded — {0},
#log_portal_opened,На карте открылся портал орков.,An orc portal has opened.,
#log_portal_destroyed,Портал орков разрушен!,The orc portal is destroyed!,
#log_raid,Орки начали набег ({0}),The orcs are raiding ({0}),
#log_happiness_low,Довольство упало до критического уровня ({0}%),Contentment has fallen to a critical level ({0}%),
#log_happiness_recovered,Довольство восстановилось ({0}%),Contentment has recovered ({0}%),
#log_defeat_townhall,Поражение: Ратуша разрушена.,Defeat: the Town Hall is destroyed.,
#log_defeat_empty,Поражение: в поселении не осталось жителей.,Defeat: no citizens remain in the settlement.,
#log_victory,Победа: все порталы орков закрыты!,Victory: every orc portal is closed!,
#log_tier_up,Поселение выросло. Теперь это: {0}.,The settlement has grown. It is now a {0}.,
#tier_hamlet,Хутор,Hamlet,
#tier_village,Деревня,Village,
#tier_town,Городок,Town,
#tier_city,Город,City,
#tier_kingdom,Королевство,Kingdom,
#category_city,Город,City,
#category_storage,Склады,Storage,
#category_entertainment,Развлечения,Leisure,
#category_defence,Оборонительные,Defence,
#category_production,Производственные,Industry,
#category_food,Производство еды,Food,
#category_water,Водные,Water,
#resource_wood,дерево,timber,
#resource_stone,камень,stone,
#resource_food,еда,food,
#resource_gold,золотая руда,gold ore,
#resource_population,жители,citizens,
#resource_iron,железная руда,iron ore,
#resource_coal,уголь,coal,
#resource_coins,монеты,coins,
#resource_grain,пшеница,wheat,
#resource_flour,мука,flour,
#resource_bread,хлеб,bread,
#resource_copperore,медная руда,copper ore,
#resource_ironbar,железный слиток,iron bar,
#resource_copperbar,медный слиток,copper bar,
#resource_goldbar,золотой слиток,gold bar,
#building_hovel,Лачуга,Hovel,
#building_cottage,Коттедж,Cottage,
#building_manor,Особняк,Manor,
#building_castle,Ратуша,Town Hall,
#building_fisherhut,Рыбацкая хижина,Fisherman's Hut,
#building_farm,Ферма,Farm,
#building_sawmill,Лесопилка,Sawmill,
#building_quarry,Каменоломня,Quarry,
#building_ironmine,Железный рудник,Iron Mine,
#building_coalmine,Угольный рудник,Coal Mine,
#building_warehouse,Склад,Warehouse,
#building_barn,Амбар,Barn,
#building_treasury,Сокровищница,Treasury,
#building_bigwarehouse,Большой склад,Great Warehouse,
#building_bigbarn,Большой амбар,Great Barn,
#building_bigtreasury,Большая сокровищница,Great Treasury,
#building_tower,Башня,Tower,
#building_barracks,Казарма,Barracks,
#building_gate,Ворота,Gate,
#building_fortifiedtower,Укреплённая башня,Fortified Tower,
#building_fortifiedgate,Укреплённые ворота,Fortified Gate,
#building_fence,Забор,Fence,
#building_road,Дорога,Road,
#building_bridge,Мост,Bridge,
#building_watermill,Водяная мельница,Water Mill,
#building_dock,Пристань,Dock,
#building_townsquare,Городская площадь,Town Square,
#building_flag,Флаг,Flag,
#building_dectree,Декоративное дерево,Ornamental Tree,
#building_decbush,Декоративный куст,Ornamental Bush,
#building_decgarden,Декоративный сад,Ornamental Garden,
#building_granary,Кладовая,Pantry,
#building_biggranary,Большая кладовая,Great Pantry,
#building_baker,Пекарня,Bakery,
#building_windmill,Ветряк,Windmill,
#building_smokehouse,Коптильня,Smokehouse,
#building_pigfarm,Свиноферма,Pig Farm,
#building_orchard,Фруктовый сад,Orchard,
#building_smelter,Плавильня,Smelter,
#building_coppermine,Медный рудник,Copper Mine,
#building_goldmine,Золотой рудник,Gold Mine,
#building_laboratory,Лаборатория,Laboratory,
#building_healerhouse,Дом лекаря,Healer's House,
#building_firebrigade,Пожарная бригада,Fire Brigade,
#building_well,Колодец,Well,
#building_church,Церковь,Church,
#building_tavern,Таверна,Tavern,
#building_theater,Театр,Theatre,
#building_colosseum,Коллизей,Colosseum,
#recipe_wood,Дерево,Timber,
#recipe_stone,Камень,Stone,
#recipe_iron_ore,Железная руда,Iron Ore,
#recipe_coal,Уголь,Coal,
#recipe_copper_ore,Медная руда,Copper Ore,
#recipe_gold_ore,Золотая руда,Gold Ore,
#recipe_fish,Еда,Food,
#recipe_grain,Пшеница,Wheat,
#recipe_flour,Мука,Flour,
#recipe_bread,Хлеб,Bread,
#recipe_iron_bar,Железный слиток,Iron Bar,
#recipe_copper_bar,Медный слиток,Copper Bar,
#recipe_gold_bar,Золотой слиток,Gold Bar,
Ключ читает код: переименование = потерянная надпись (в игре останется сам ключ).,,,
Пустая ячейка перевода = показывается русский. Фигурные скобки {0} обязаны остаться на месте.,,,
